,dis_id,date,state,type
1743,5f7b2c0831a8c6681cfd7421,2008-02-08,TX,Fire
1744,5f7b2c0831a8c6681cfd7423,2008-02-13,TX,Fire
1745,5f7b2c0831a8c6681cfd7426,2008-02-23,TX,Fire
1746,5f7b2c0831a8c6681cfd742a,2008-02-25,TX,Fire
1747,5f7b2c0831a8c6681cfd742e,2008-02-25,OK,Fire
1748,5f7b2c0831a8c6681cfd743d,2008-02-25,TX,Fire
1749,5f7b2c0831a8c6681cfd7435,2008-02-25,TX,Fire
1750,5f7b2c0831a8c6681cfd743f,2008-03-03,TX,Fire
1751,5f7b2c0831a8c6681cfd7444,2008-03-11,TX,Fire
1752,5f7b2c0831a8c6681cfd7447,2008-03-14,TX,Fire
1753,5f7b2c0831a8c6681cfd744d,2008-03-14,TX,Fire
1754,5f7b2c1531a8c6681cfe4110,2008-03-14,TX,Fire
1755,5f7b2c1531a8c6681cfe411a,2008-03-14,TX,Fire
1756,5f7b2c1531a8c6681cfe411c,2008-03-14,TX,Fire
1757,5f7b2c1531a8c6681cfe411e,2008-03-14,TX,Fire
1758,5f7b2c1531a8c6681cfe4124,2008-03-14,TX,Fire
1759,5f7b2c1531a8c6681cfe412b,2008-03-14,TX,Fire
1760,5f7b2c1531a8c6681cfe412c,2008-03-14,TX,Fire
1761,5f7b2c1531a8c6681cfe4138,2008-03-14,TX,Fire
1762,5f7b2c1531a8c6681cfe413c,2008-03-14,TX,Fire
1763,5f7b2c1531a8c6681cfe413e,2008-03-14,TX,Fire
1764,5f7b2c1531a8c6681cfe4141,2008-03-14,TX,Fire
1765,5f7b2c1531a8c6681cfe414b,2008-03-14,TX,Fire
1766,5f7b2c1531a8c6681cfe414e,2008-03-14,TX,Fire
1767,5f7b2c1531a8c6681cfe4152,2008-03-14,TX,Fire
1768,5f7b2c1531a8c6681cfe4154,2008-03-14,TX,Fire
1769,5f7b2c1531a8c6681cfe4158,2008-03-14,TX,Fire
1770,5f7b2c1531a8c6681cfe415b,2008-03-14,TX,Fire
1771,5f7b2c1531a8c6681cfe415d,2008-03-14,TX,Fire
1772,5f7b2c1531a8c6681cfe415f,2008-03-14,TX,Fire
1773,5f7b2c1531a8c6681cfe4171,2008-03-14,TX,Fire
1774,5f7b2c1531a8c6681cfe4176,2008-03-14,TX,Fire
1775,5f7b2c1531a8c6681cfe4181,2008-03-14,TX,Fire
1776,5f7b2c1531a8c6681cfe4184,2008-03-14,TX,Fire
1777,5f7b2c1531a8c6681cfe4187,2008-03-14,TX,Fire
1778,5f7b2c1531a8c6681cfe418a,2008-03-14,TX,Fire
1779,5f7b2c1531a8c6681cfe418d,2008-03-14,TX,Fire
1780,5f7b2c1531a8c6681cfe4190,2008-03-14,TX,Fire
1781,5f7b2c1531a8c6681cfe4193,2008-03-14,TX,Fire
1782,5f7b2c1531a8c6681cfe4197,2008-03-14,TX,Fire
1783,5f7b2c1531a8c6681cfe419b,2008-03-14,TX,Fire
1784,5f7b2c1531a8c6681cfe419f,2008-03-14,TX,Fire
1785,5f7b2c1531a8c6681cfe41a3,2008-03-14,TX,Fire
1786,5f7b2c1531a8c6681cfe41b6,2008-03-14,TX,Fire
1787,5f7b2c1531a8c6681cfe41b9,2008-03-14,TX,Fire
1788,5f7b2c1531a8c6681cfe41bc,2008-03-14,TX,Fire
1789,5f7b2c1531a8c6681cfe41be,2008-03-14,TX,Fire
1790,5f7b2c1531a8c6681cfe41c2,2008-03-14,TX,Fire
1791,5f7b2c1531a8c6681cfe41d7,2008-03-14,TX,Fire
1792,5f7b2c1531a8c6681cfe41db,2008-03-14,TX,Fire
1793,5f7b2c1531a8c6681cfe41dc,2008-03-14,TX,Fire
1794,5f7b2c1531a8c6681cfe41ea,2008-03-14,TX,Fire
1795,5f7b2c1531a8c6681cfe41ec,2008-03-14,TX,Fire
1796,5f7b2c1531a8c6681cfe41ff,2008-03-14,TX,Fire
1797,5f7b2c1531a8c6681cfe4201,2008-03-14,TX,Fire
1798,5f7b2c1531a8c6681cfe4205,2008-03-14,TX,Fire
1799,5f7b2c1531a8c6681cfe4206,2008-03-14,TX,Fire
1800,5f7b2c1531a8c6681cfe4210,2008-03-14,TX,Fire
1801,5f7b2c1531a8c6681cfe4214,2008-03-14,TX,Fire
1802,5f7b2c1531a8c6681cfe421c,2008-03-14,TX,Fire
1803,5f7b2c1531a8c6681cfe4229,2008-03-14,TX,Fire
1804,5f7b2c1531a8c6681cfe422f,2008-03-14,TX,Fire
1805,5f7b2c1531a8c6681cfe4232,2008-03-14,TX,Fire
1806,5f7b2c1531a8c6681cfe4235,2008-03-14,TX,Fire
1807,5f7b2c1531a8c6681cfe4236,2008-03-14,TX,Fire
1808,5f7b2c1531a8c6681cfe423a,2008-03-14,TX,Fire
1809,5f7b2c1531a8c6681cfe423b,2008-03-14,TX,Fire
1810,5f7b2c1531a8c6681cfe4244,2008-03-14,TX,Fire
1811,5f7b2c1531a8c6681cfe424c,2008-03-14,TX,Fire
1812,5f7b2c1531a8c6681cfe424d,2008-03-14,TX,Fire
1813,5f7b2c1531a8c6681cfe4251,2008-03-14,TX,Fire
1814,5f7b2c1531a8c6681cfe4254,2008-03-14,TX,Fire
1815,5f7b2c1531a8c6681cfe4259,2008-03-14,TX,Fire
1816,5f7b2c1531a8c6681cfe425b,2008-03-14,TX,Fire
1817,5f7b2c1531a8c6681cfe4261,2008-03-14,TX,Fire
1818,5f7b2c1531a8c6681cfe4270,2008-03-14,TX,Fire
1819,5f7b2c1531a8c6681cfe4272,2008-03-14,TX,Fire
1820,5f7b2c1531a8c6681cfe4277,2008-03-14,TX,Fire
1821,5f7b2c1531a8c6681cfe4279,2008-03-14,TX,Fire
1822,5f7b2c1531a8c6681cfe4280,2008-03-14,TX,Fire
1823,5f7b2c1531a8c6681cfe4286,2008-03-14,TX,Fire
1824,5f7b2c1531a8c6681cfe428e,2008-03-14,TX,Fire
1825,5f7b2c1531a8c6681cfe4292,2008-03-14,TX,Fire
1826,5f7b2c1531a8c6681cfe4293,2008-03-14,TX,Fire
1827,5f7b2c1531a8c6681cfe429e,2008-03-14,TX,Fire
1828,5f7b2c1531a8c6681cfe42a2,2008-03-14,TX,Fire
1829,5f7b2c1531a8c6681cfe42a7,2008-03-14,TX,Fire
1830,5f7b2c1531a8c6681cfe42aa,2008-03-14,TX,Fire
1831,5f7b2c1531a8c6681cfe42ad,2008-03-14,TX,Fire
1832,5f7b2c1531a8c6681cfe42b0,2008-03-14,TX,Fire
1833,5f7b2c1531a8c6681cfe42b5,2008-03-14,TX,Fire
1834,5f7b2c1531a8c6681cfe42bb,2008-03-14,TX,Fire
1835,5f7b2c1531a8c6681cfe42bd,2008-03-14,TX,Fire
1836,5f7b2c1531a8c6681cfe42c3,2008-03-14,TX,Fire
1837,5f7b2c1531a8c6681cfe42d6,2008-03-14,TX,Fire
1838,5f7b2c1531a8c6681cfe42d9,2008-03-14,TX,Fire
1839,5f7b2c1531a8c6681cfe42de,2008-03-14,TX,Fire
1840,5f7b2c1531a8c6681cfe42ee,2008-03-14,TX,Fire
1841,5f7b2c1531a8c6681cfe42fd,2008-03-14,TX,Fire
1842,5f7b2c1531a8c6681cfe4303,2008-03-14,TX,Fire
1843,5f7b2c1531a8c6681cfe4306,2008-03-14,TX,Fire
1844,5f7b2c1531a8c6681cfe430a,2008-03-14,TX,Fire
1845,5f7b2c1531a8c6681cfe4313,2008-03-14,TX,Fire
1846,5f7b2c1531a8c6681cfe4314,2008-03-14,TX,Fire
1847,5f7b2c1531a8c6681cfe4329,2008-03-14,TX,Fire
1848,5f7b2c1531a8c6681cfe432a,2008-03-14,TX,Fire
1849,5f7b2c1531a8c6681cfe4331,2008-03-14,TX,Fire
1850,5f7b2c1531a8c6681cfe4337,2008-03-14,TX,Fire
1851,5f7b2c1531a8c6681cfe433b,2008-03-14,TX,Fire
1852,5f7b2c1531a8c6681cfe4347,2008-03-14,TX,Fire
1853,5f7b2c1531a8c6681cfe4349,2008-03-14,TX,Fire
1854,5f7b2c1531a8c6681cfe4356,2008-03-14,TX,Fire
1855,5f7b2c1531a8c6681cfe4359,2008-03-14,TX,Fire
1856,5f7b2c1531a8c6681cfe435c,2008-03-14,TX,Fire
1857,5f7b2c1531a8c6681cfe4369,2008-03-14,TX,Fire
1858,5f7b2c1531a8c6681cfe436f,2008-03-14,TX,Fire
1859,5f7b2c1531a8c6681cfe4373,2008-03-14,TX,Fire
1860,5f7b2c1531a8c6681cfe4375,2008-03-14,TX,Fire
1861,5f7b2c1531a8c6681cfe4377,2008-03-14,TX,Fire
1862,5f7b2c1531a8c6681cfe437c,2008-03-14,TX,Fire
1863,5f7b2c1531a8c6681cfe4381,2008-03-14,TX,Fire
1864,5f7b2c1531a8c6681cfe4385,2008-03-14,TX,Fire
1865,5f7b2c1531a8c6681cfe4388,2008-03-14,TX,Fire
1866,5f7b2c1531a8c6681cfe438f,2008-03-14,TX,Fire
1867,5f7b2c1531a8c6681cfe4392,2008-03-14,TX,Fire
1868,5f7b2c1531a8c6681cfe4395,2008-03-14,TX,Fire
1869,5f7b2c1531a8c6681cfe439b,2008-03-14,TX,Fire
1870,5f7b2c1531a8c6681cfe43ac,2008-03-14,TX,Fire
1871,5f7b2c1531a8c6681cfe43b4,2008-03-14,TX,Fire
1872,5f7b2c1531a8c6681cfe43b6,2008-03-14,TX,Fire
1873,5f7b2c1531a8c6681cfe43bc,2008-03-14,TX,Fire
1874,5f7b2c1531a8c6681cfe43c4,2008-03-14,TX,Fire
1875,5f7b2c1531a8c6681cfe43c9,2008-03-14,TX,Fire
1876,5f7b2c1531a8c6681cfe43d4,2008-03-14,TX,Fire
1877,5f7b2c1531a8c6681cfe43d8,2008-03-14,TX,Fire
1878,5f7b2c1531a8c6681cfe43da,2008-03-14,TX,Fire
1879,5f7b2c1531a8c6681cfe43dc,2008-03-14,TX,Fire
1880,5f7b2c1531a8c6681cfe43df,2008-03-14,TX,Fire
1881,5f7b2c1531a8c6681cfe43e4,2008-03-14,TX,Fire
1882,5f7b2c1531a8c6681cfe43eb,2008-03-14,TX,Fire
1883,5f7b2c1531a8c6681cfe43ef,2008-03-14,TX,Fire
1884,5f7b2c1531a8c6681cfe43fa,2008-03-14,TX,Fire
1885,5f7b2c1531a8c6681cfe4400,2008-03-14,TX,Fire
1886,5f7b2c1531a8c6681cfe4409,2008-03-14,TX,Fire
1887,5f7b2c1531a8c6681cfe440f,2008-03-14,TX,Fire
1888,5f7b2c1531a8c6681cfe4410,2008-03-14,TX,Fire
1889,5f7b2c1531a8c6681cfe441e,2008-03-14,TX,Fire
1890,5f7b2c1531a8c6681cfe4421,2008-03-14,TX,Fire
1891,5f7b2c1531a8c6681cfe4423,2008-03-14,TX,Fire
1892,5f7b2c1531a8c6681cfe442c,2008-03-14,TX,Fire
1893,5f7b2c1531a8c6681cfe443b,2008-03-14,TX,Fire
1894,5f7b2c1531a8c6681cfe443d,2008-03-14,TX,Fire
1895,5f7b2c1531a8c6681cfe4445,2008-03-14,TX,Fire
1896,5f7b2c1531a8c6681cfe444d,2008-03-14,TX,Fire
1897,5f7b2c1531a8c6681cfe444f,2008-03-14,TX,Fire
1898,5f7b2c1531a8c6681cfe4457,2008-03-14,TX,Fire
1899,5f7b2c1531a8c6681cfe445f,2008-03-14,TX,Fire
1900,5f7b2c1531a8c6681cfe4463,2008-03-14,TX,Fire
1901,5f7b2c1531a8c6681cfe4468,2008-03-14,TX,Fire
1902,5f7b2c1531a8c6681cfe446e,2008-03-14,TX,Fire
1903,5f7b2c1531a8c6681cfe447b,2008-03-14,TX,Fire
1904,5f7b2c1531a8c6681cfe447e,2008-03-14,TX,Fire
1905,5f7b2c1531a8c6681cfe4483,2008-03-14,TX,Fire
1906,5f7b2c1531a8c6681cfe4485,2008-03-14,TX,Fire
1907,5f7b2c1531a8c6681cfe4492,2008-03-14,TX,Fire
1908,5f7b2c1531a8c6681cfe4498,2008-03-14,TX,Fire
1909,5f7b2c1531a8c6681cfe449a,2008-03-14,TX,Fire
1910,5f7b2c1531a8c6681cfe449e,2008-03-14,TX,Fire
1911,5f7b2c1531a8c6681cfe44a4,2008-03-14,TX,Fire
1912,5f7b2c1531a8c6681cfe44b1,2008-03-14,TX,Fire
1913,5f7b2c1531a8c6681cfe44b6,2008-03-14,TX,Fire
1914,5f7b2c1531a8c6681cfe44b9,2008-03-14,TX,Fire
1915,5f7b2c1531a8c6681cfe44bb,2008-03-14,TX,Fire
1916,5f7b2c1531a8c6681cfe44be,2008-03-14,TX,Fire
1917,5f7b2c1531a8c6681cfe44c0,2008-03-14,TX,Fire
1918,5f7b2c1531a8c6681cfe44cd,2008-03-14,TX,Fire
1919,5f7b2c1531a8c6681cfe44d0,2008-03-14,TX,Fire
1920,5f7b2c1531a8c6681cfe44da,2008-03-14,TX,Fire
1921,5f7b2c1531a8c6681cfe44dd,2008-03-14,TX,Fire
1922,5f7b2c1531a8c6681cfe44e1,2008-03-14,TX,Fire
1923,5f7b2c1531a8c6681cfe44e4,2008-03-14,TX,Fire
1924,5f7b2c1531a8c6681cfe44e9,2008-03-14,TX,Fire
1925,5f7b2c1531a8c6681cfe44ee,2008-03-14,TX,Fire
1926,5f7b2c1531a8c6681cfe44f3,2008-03-14,TX,Fire
1927,5f7b2c1531a8c6681cfe44f9,2008-03-14,TX,Fire
1928,5f7b2c1531a8c6681cfe4500,2008-03-14,TX,Fire
1929,5f7b2c1531a8c6681cfe4501,2008-03-14,TX,Fire
1930,5f7b2c1531a8c6681cfe4508,2008-03-14,TX,Fire
1931,5f7b2c1531a8c6681cfe450a,2008-03-14,TX,Fire
1932,5f7b2c1531a8c6681cfe450e,2008-03-14,TX,Fire
1933,5f7b2c1531a8c6681cfe4512,2008-03-14,TX,Fire
1934,5f7b2c1531a8c6681cfe4515,2008-03-14,TX,Fire
1935,5f7b2c1531a8c6681cfe4520,2008-03-14,TX,Fire
1936,5f7b2c1531a8c6681cfe4525,2008-03-14,TX,Fire
1937,5f7b2c1531a8c6681cfe452f,2008-03-14,TX,Fire
1938,5f7b2c1531a8c6681cfe4533,2008-03-14,TX,Fire
1939,5f7b2c1531a8c6681cfe4536,2008-03-14,TX,Fire
1940,5f7b2c1531a8c6681cfe4538,2008-03-14,TX,Fire
1941,5f7b2c1531a8c6681cfe453d,2008-03-14,TX,Fire
1942,5f7b2c1531a8c6681cfe453f,2008-03-14,TX,Fire
1943,5f7b2c1531a8c6681cfe4556,2008-03-14,TX,Fire
1944,5f7b2c1531a8c6681cfe4558,2008-03-14,TX,Fire
1945,5f7b2c1531a8c6681cfe455e,2008-03-14,TX,Fire
1946,5f7b2c1531a8c6681cfe4561,2008-03-14,TX,Fire
1947,5f7b2c1531a8c6681cfe456d,2008-03-14,TX,Fire
1948,5f7b2c1531a8c6681cfe4576,2008-03-14,TX,Fire
1949,5f7b2c1531a8c6681cfe457d,2008-03-14,TX,Fire
1950,5f7b2c1531a8c6681cfe4581,2008-03-14,TX,Fire
1951,5f7b2c1531a8c6681cfe4587,2008-03-14,TX,Fire
1952,5f7b2c1531a8c6681cfe4597,2008-03-14,TX,Fire
1953,5f7b2c1531a8c6681cfe459e,2008-03-14,TX,Fire
1954,5f7b2c1531a8c6681cfe45a2,2008-03-14,TX,Fire
1955,5f7b2c1531a8c6681cfe45a5,2008-03-14,TX,Fire
1956,5f7b2c1531a8c6681cfe45ab,2008-03-14,TX,Fire
1957,5f7b2c1531a8c6681cfe45af,2008-03-14,TX,Fire
1958,5f7b2c1531a8c6681cfe45b3,2008-03-14,TX,Fire
1959,5f7b2c1531a8c6681cfe45be,2008-03-14,TX,Fire
1960,5f7b2c1531a8c6681cfe45c7,2008-03-14,TX,Fire
1961,5f7b2c1531a8c6681cfe45cb,2008-03-14,TX,Fire
1962,5f7b2c1531a8c6681cfe45cf,2008-03-14,TX,Fire
1963,5f7b2c1531a8c6681cfe45d2,2008-03-14,TX,Fire
1964,5f7b2c1531a8c6681cfe45d8,2008-03-14,TX,Fire
1965,5f7b2c1531a8c6681cfe45dc,2008-03-14,TX,Fire
1966,5f7b2c1531a8c6681cfe45df,2008-03-14,TX,Fire
1967,5f7b2c1531a8c6681cfe45e2,2008-03-14,TX,Fire
1968,5f7b2c1531a8c6681cfe45e4,2008-03-14,TX,Fire
1969,5f7b2c1531a8c6681cfe45e9,2008-03-14,TX,Fire
1970,5f7b2c1531a8c6681cfe45f5,2008-03-14,TX,Fire
1971,5f7b2c1531a8c6681cfe45f9,2008-03-14,TX,Fire
1972,5f7b2c1531a8c6681cfe45fd,2008-03-14,TX,Fire
1973,5f7b2c1531a8c6681cfe4603,2008-03-14,TX,Fire
1974,5f7b2c1531a8c6681cfe460a,2008-03-14,TX,Fire
1975,5f7b2c1531a8c6681cfe460e,2008-03-14,TX,Fire
1976,5f7b2c1531a8c6681cfe4612,2008-03-14,TX,Fire
1977,5f7b2c1531a8c6681cfe4617,2008-03-14,TX,Fire
1978,5f7b2c1531a8c6681cfe461c,2008-03-14,TX,Fire
1979,5f7b2c1531a8c6681cfe4620,2008-03-14,TX,Fire
1980,5f7b2c1531a8c6681cfe4624,2008-03-14,TX,Fire
1981,5f7b2c1531a8c6681cfe4627,2008-03-14,TX,Fire
1982,5f7b2c1531a8c6681cfe462a,2008-03-14,TX,Fire
1983,5f7b2c0831a8c6681cfd7453,2008-03-15,TX,Fire
1984,5f7b2c0831a8c6681cfd7456,2008-03-15,TX,Fire
1985,5f7b2c0831a8c6681cfd745c,2008-03-18,TX,Fire
1986,5f7b2c0831a8c6681cfd7460,2008-03-19,TX,Fire
1987,5f7b2c0831a8c6681cfd7464,2008-03-21,OK,Fire
1988,5f7b2c0831a8c6681cfd746a,2008-03-27,TX,Fire
1989,5f7b2c0831a8c6681cfd747c,2008-03-31,TX,Fire
1990,5f7b2c0831a8c6681cfd747f,2008-04-10,TX,Fire
1991,5f7b2c0831a8c6681cfd7496,2008-04-15,CO,Fire
1992,5f7b2c0831a8c6681cfd7484,2008-04-16,TX,Fire
1993,5f7b2c0831a8c6681cfd7489,2008-04-21,NM,Fire
1994,5f7b2c0831a8c6681cfd74a8,2008-04-26,CA,Fire
1995,5f7b2c0831a8c6681cfd749b,2008-05-01,TX,Fire
1996,5f7b2c0831a8c6681cfd749e,2008-05-01,TX,Fire
1997,5f7b2c0831a8c6681cfd74a0,2008-05-11,FL,Fire
1998,5f7b2c0831a8c6681cfd74a7,2008-05-22,CA,Fire
1999,5f7b2c0831a8c6681cfd74ad,2008-05-22,CA,Fire
2000,5f7b2c0831a8c6681cfd74b1,2008-06-03,TX,Fire
2001,5f7b2c0831a8c6681cfd74b6,2008-06-04,TX,Fire
2002,5f7b2c0831a8c6681cfd74bc,2008-06-04,TX,Fire
2003,5f7b2c0831a8c6681cfd74be,2008-06-05,OK,Fire
2004,5f7b2c0831a8c6681cfd74dc,2008-06-10,CA,Fire
2005,5f7b2c0831a8c6681cfd74c7,2008-06-11,CA,Fire
2006,5f7b2c0831a8c6681cfd74cf,2008-06-11,CA,Fire
2007,5f7b2c0831a8c6681cfd74cd,2008-06-13,NC,Fire
2008,5f7b2c0831a8c6681cfd74d5,2008-06-13,NC,Fire
2009,5f7b2c0831a8c6681cfd74f0,2008-06-13,NC,Fire
2010,5f7b2c0831a8c6681cfd74f5,2008-06-16,TX,Fire
2011,5f7b2c0831a8c6681cfd74e9,2008-06-20,CA,Fire
2012,5f7b2c1531a8c6681cfe46fc,2008-06-20,CA,Fire
2013,5f7b2c1531a8c6681cfe4706,2008-06-20,CA,Fire
2014,5f7b2c1531a8c6681cfe4708,2008-06-20,CA,Fire
2015,5f7b2c1531a8c6681cfe470b,2008-06-20,CA,Fire
2016,5f7b2c1531a8c6681cfe470d,2008-06-20,CA,Fire
2017,5f7b2c1531a8c6681cfe4712,2008-06-20,CA,Fire
2018,5f7b2c1531a8c6681cfe471b,2008-06-20,CA,Fire
2019,5f7b2c1531a8c6681cfe471f,2008-06-20,CA,Fire
2020,5f7b2c1531a8c6681cfe4724,2008-06-20,CA,Fire
2021,5f7b2c1531a8c6681cfe4727,2008-06-20,CA,Fire
2022,5f7b2c1531a8c6681cfe472a,2008-06-20,CA,Fire
2023,5f7b2c1531a8c6681cfe4731,2008-06-20,CA,Fire
2024,5f7b2c1531a8c6681cfe4744,2008-06-20,CA,Fire
2025,5f7b2c0831a8c6681cfd750e,2008-06-21,CA,Fire
2026,5f7b2c0831a8c6681cfd74ec,2008-06-21,CA,Fire
2027,5f7b2c0831a8c6681cfd7509,2008-06-21,CA,Fire
2028,5f7b2c0831a8c6681cfd74fa,2008-06-24,CO,Fire
2029,5f7b2c0831a8c6681cfd74fb,2008-06-24,CO,Fire
2030,5f7b2c0831a8c6681cfd750b,2008-06-25,NM,Fire
2031,5f7b2c0831a8c6681cfd7500,2008-06-29,AZ,Fire
2032,5f7b2c0831a8c6681cfd7502,2008-07-03,CA,Fire
2033,5f7b2c0831a8c6681cfd7522,2008-07-04,CA,Fire
2034,5f7b2c0831a8c6681cfd7512,2008-07-10,WA,Fire
2035,5f7b2c0831a8c6681cfd7516,2008-07-10,WA,Fire
2036,5f7b2c0831a8c6681cfd7519,2008-08-07,TX,Fire
2037,5f7b2c0831a8c6681cfd751e,2008-09-01,CA,Fire
2038,5f7b2c0831a8c6681cfd753a,2008-09-16,OR,Fire
2039,5f7b2c0831a8c6681cfd7526,2008-10-12,CA,Fire
2040,5f7b2c0831a8c6681cfd752f,2008-10-13,CA,Fire
2041,5f7b2c0831a8c6681cfd7535,2008-11-13,CA,Fire
2042,5f7b2c0231a8c6681cfd0a88,2008-11-13,CA,Fire
2043,5f7b2c0231a8c6681cfd0a8b,2008-11-13,CA,Fire
2044,5f7b2c0231a8c6681cfd0a92,2008-11-13,CA,Fire
2045,5f7b2c0231a8c6681cfd0a93,2008-11-13,CA,Fire
2046,5f7b2c0831a8c6681cfd753d,2008-11-14,CA,Fire
2047,5f7b2c0831a8c6681cfd7546,2008-11-15,CA,Fire
2048,5f7b2c0831a8c6681cfd7551,2008-11-15,CA,Fire
2049,5f7b2c0831a8c6681cfd7553,2008-11-15,CA,Fire
2050,5f7b2c0831a8c6681cfd7559,2008-11-15,CA,Fire
2051,5f7b2c0831a8c6681cfd7564,2009-01-07,CO,Fire
2052,5f7b2c0831a8c6681cfd757a,2009-02-25,TX,Fire
2053,5f7b2c0831a8c6681cfd7568,2009-02-27,TX,Fire
2054,5f7b2c0831a8c6681cfd756a,2009-02-28,TX,Fire
2055,5f7b2c0831a8c6681cfd7571,2009-03-03,TX,Fire
2056,5f7b2c0831a8c6681cfd7575,2009-03-05,TX,Fire
2057,5f7b2c0831a8c6681cfd7588,2009-03-05,OK,Fire
2058,5f7b2c0831a8c6681cfd758d,2009-03-20,TX,Fire
2059,5f7b2c0831a8c6681cfd7592,2009-04-02,TX,Fire
2060,5f7b2c0831a8c6681cfd75a2,2009-04-04,TX,Fire
2061,5f7b2c0831a8c6681cfd75ae,2009-04-05,TX,Fire
2062,5f7b2c0831a8c6681cfd75a9,2009-04-07,TX,Fire
2063,5f7b2c0331a8c6681cfd184a,2009-04-09,OK,Fire
2064,5f7b2c0331a8c6681cfd1850,2009-04-09,OK,Fire
2065,5f7b2c0331a8c6681cfd1852,2009-04-09,OK,Fire
2066,5f7b2c0331a8c6681cfd1859,2009-04-09,OK,Fire
2067,5f7b2c0331a8c6681cfd185d,2009-04-09,OK,Fire
2068,5f7b2c0331a8c6681cfd1867,2009-04-09,OK,Fire
2069,5f7b2c0331a8c6681cfd186d,2009-04-09,OK,Fire
2070,5f7b2c0331a8c6681cfd1870,2009-04-09,OK,Fire
2071,5f7b2c0331a8c6681cfd1876,2009-04-09,OK,Fire
2072,5f7b2c0831a8c6681cfd75af,2009-04-09,TX,Fire
2073,5f7b2c0831a8c6681cfd75b5,2009-04-09,TX,Fire
2074,5f7b2c0831a8c6681cfd75bb,2009-04-09,TX,Fire
2075,5f7b2c0831a8c6681cfd75bf,2009-04-09,OK,Fire
2076,5f7b2c0831a8c6681cfd75c5,2009-04-09,TX,Fire
2077,5f7b2c0831a8c6681cfd75c9,2009-04-09,OK,Fire
2078,5f7b2c0831a8c6681cfd75cb,2009-04-09,OK,Fire
2079,5f7b2c0831a8c6681cfd75d0,2009-04-09,OK,Fire
2080,5f7b2c0831a8c6681cfd75d4,2009-04-09,TX,Fire
2081,5f7b2c0831a8c6681cfd75d8,2009-04-09,TX,Fire
2082,5f7b2c0831a8c6681cfd75f2,2009-04-13,OK,Fire
2083,5f7b2c0831a8c6681cfd75db,2009-04-23,SC,Fire
2084,5f7b2c0831a8c6681cfd75f5,2009-05-05,CA,Fire
2085,5f7b2c0831a8c6681cfd75ea,2009-05-06,NM,Fire
2086,5f7b2c0831a8c6681cfd75e8,2009-05-11,FL,Fire
2087,5f7b2c0831a8c6681cfd75ff,2009-05-18,AZ,Fire
2088,5f7b2c0831a8c6681cfd75fb,2009-07-15,NV,Fire
2089,5f7b2c0831a8c6681cfd762e,2009-07-25,UT,Fire
2090,5f7b2c0831a8c6681cfd7600,2009-07-28,WA,Fire
2091,5f7b2c0831a8c6681cfd7605,2009-08-12,CA,Fire
2092,5f7b2c0831a8c6681cfd760d,2009-08-14,CA,Fire
2093,5f7b2c0831a8c6681cfd7613,2009-08-14,CA,Fire
2094,5f7b2c0831a8c6681cfd761d,2009-08-21,WA,Fire
2095,5f7b2c0831a8c6681cfd761e,2009-08-21,WA,Fire
2096,5f7b2c0831a8c6681cfd7622,2009-08-21,WA,Fire
2097,5f7b2c0831a8c6681cfd762b,2009-08-27,CA,Fire
2098,5f7b2c0831a8c6681cfd7634,2009-08-27,CA,Fire
2099,5f7b2c0831a8c6681cfd7626,2009-08-28,OR,Fire
2100,5f7b2c0831a8c6681cfd7631,2009-08-28,OR,Fire
2101,5f7b2c0831a8c6681cfd763d,2009-08-30,AZ,Fire
2102,5f7b2c0831a8c6681cfd764c,2009-08-30,CA,Fire
2103,5f7b2c0831a8c6681cfd7648,2009-08-30,CA,Fire
2104,5f7b2c0831a8c6681cfd7667,2009-08-31,CA,Fire
2105,5f7b2c0831a8c6681cfd7655,2009-09-03,MT,Fire
2106,5f7b2c0831a8c6681cfd765f,2009-09-21,OR,Fire
2107,5f7b2c0831a8c6681cfd7665,2009-09-22,CA,Fire
2108,5f7b2c0831a8c6681cfd766c,2009-10-02,AZ,Fire
2109,5f7b2c0831a8c6681cfd7671,2009-10-03,CA,Fire
2110,5f7b2c0831a8c6681cfd7670,2010-05-23,NM,Fire
2111,5f7b2c0831a8c6681cfd7690,2010-06-01,NM,Fire
2112,5f7b2c0831a8c6681cfd7685,2010-06-19,AZ,Fire
2113,5f7b2c0831a8c6681cfd7693,2010-06-20,AZ,Fire
2114,5f7b2c0831a8c6681cfd7698,2010-07-01,NV,Fire
2115,5f7b2c0831a8c6681cfd769e,2010-07-18,WA,Fire
2116,5f7b2c0831a8c6681cfd76a7,2010-07-26,CA,Fire
2117,5f7b2c0831a8c6681cfd76ad,2010-07-27,CA,Fire
2118,5f7b2c0831a8c6681cfd76c9,2010-07-29,CA,Fire
2119,5f7b2c0831a8c6681cfd76be,2010-08-24,CA,Fire
2120,5f7b2c0831a8c6681cfd76cc,2010-08-26,WA,Fire
2121,5f7b2c0831a8c6681cfd76c3,2010-08-26,ID,Fire
2122,5f7b2c0831a8c6681cfd76d0,2010-09-06,CO,Fire
2123,5f7b2c0831a8c6681cfd76da,2010-09-09,CA,Fire
2124,5f7b2c0831a8c6681cfd76eb,2010-09-12,CO,Fire
2125,5f7b2c0831a8c6681cfd76d4,2010-09-14,CA,Fire
2126,5f7b2c0831a8c6681cfd76ef,2010-09-19,UT,Fire
2127,5f7b2c0831a8c6681cfd76d6,2011-02-19,VA,Fire
2128,5f7b2c0831a8c6681cfd76df,2011-02-19,VA,Fire
2129,5f7b2c0831a8c6681cfd76f5,2011-02-27,TX,Fire
2130,5f7b2c0831a8c6681cfd76f9,2011-02-27,TX,Fire
2131,5f7b2c0831a8c6681cfd7702,2011-02-27,TX,Fire
2132,5f7b2c0831a8c6681cfd7704,2011-02-27,TX,Fire
2133,5f7b2c0831a8c6681cfd76fd,2011-03-07,NM,Fire
2134,5f7b2c0831a8c6681cfd7709,2011-03-11,TX,Fire
2135,5f7b2c0831a8c6681cfd770e,2011-03-11,OK,Fire
2136,5f7b2c0831a8c6681cfd7713,2011-03-11,TX,Fire
2137,5f7b2c0831a8c6681cfd7717,2011-03-11,TX,Fire
2138,5f7b2c0831a8c6681cfd771d,2011-03-11,OK,Fire
2139,5f7b2c0831a8c6681cfd772d,2011-03-12,OK,Fire
2140,5f7b2c0831a8c6681cfd7733,2011-03-12,OK,Fire
2141,5f7b2c0831a8c6681cfd7725,2011-03-21,CO,Fire
2142,5f7b2c0831a8c6681cfd7729,2011-03-24,OK,Fire
2143,5f7b2c0831a8c6681cfd7730,2011-03-24,GA,Fire
2144,5f7b2c0831a8c6681cfd7751,2011-03-25,GA,Fire
2145,5f7b2c0831a8c6681cfd7737,2011-04-03,KS,Fire
2146,5f7b2c0831a8c6681cfd773c,2011-04-03,OK,Fire
2147,5f7b2c0831a8c6681cfd7740,2011-04-03,KS,Fire
2148,5f7b2c0831a8c6681cfd7741,2011-04-03,NM,Fire
2149,5f7b2c0831a8c6681cfd775b,2011-04-03,TX,Fire
2150,5f7b2c0831a8c6681cfd7761,2011-04-03,NM,Fire
2151,5f7b2c0831a8c6681cfd776f,2011-04-03,TX,Fire
2152,5f7b2c0831a8c6681cfd7753,2011-04-03,CO,Fire
2153,5f7b2c0831a8c6681cfd7773,2011-04-04,TX,Fire
2154,5f7b2c0731a8c6681cfd58d6,2011-04-06,TX,Fire
2155,5f7b2c0731a8c6681cfd58e2,2011-04-06,TX,Fire
2156,5f7b2c0731a8c6681cfd58eb,2011-04-06,TX,Fire
2157,5f7b2c0731a8c6681cfd58f4,2011-04-06,TX,Fire
2158,5f7b2c0731a8c6681cfd5911,2011-04-06,TX,Fire
2159,5f7b2c0731a8c6681cfd5916,2011-04-06,TX,Fire
2160,5f7b2c0731a8c6681cfd591a,2011-04-06,TX,Fire
2161,5f7b2c0731a8c6681cfd5924,2011-04-06,TX,Fire
2162,5f7b2c0731a8c6681cfd5928,2011-04-06,TX,Fire
2163,5f7b2c0731a8c6681cfd592e,2011-04-06,TX,Fire
2164,5f7b2c0731a8c6681cfd5932,2011-04-06,TX,Fire
2165,5f7b2c0731a8c6681cfd5936,2011-04-06,TX,Fire
2166,5f7b2c0731a8c6681cfd5939,2011-04-06,TX,Fire
2167,5f7b2c0731a8c6681cfd5943,2011-04-06,TX,Fire
2168,5f7b2c0731a8c6681cfd5947,2011-04-06,TX,Fire
2169,5f7b2c0731a8c6681cfd595b,2011-04-06,TX,Fire
2170,5f7b2c0731a8c6681cfd5966,2011-04-06,TX,Fire
2171,5f7b2c0731a8c6681cfd5971,2011-04-06,TX,Fire
2172,5f7b2c0731a8c6681cfd5977,2011-04-06,TX,Fire
2173,5f7b2c0731a8c6681cfd598d,2011-04-06,TX,Fire
2174,5f7b2c0731a8c6681cfd5992,2011-04-06,TX,Fire
2175,5f7b2c0731a8c6681cfd5995,2011-04-06,TX,Fire
2176,5f7b2c0731a8c6681cfd599a,2011-04-06,TX,Fire
2177,5f7b2c0731a8c6681cfd59a1,2011-04-06,TX,Fire
2178,5f7b2c0731a8c6681cfd59a6,2011-04-06,TX,Fire
2179,5f7b2c0731a8c6681cfd59b2,2011-04-06,TX,Fire
2180,5f7b2c0731a8c6681cfd59bc,2011-04-06,TX,Fire
2181,5f7b2c0731a8c6681cfd59c8,2011-04-06,TX,Fire
2182,5f7b2c0731a8c6681cfd59ce,2011-04-06,TX,Fire
2183,5f7b2c0731a8c6681cfd59d1,2011-04-06,TX,Fire
2184,5f7b2c0731a8c6681cfd59dd,2011-04-06,TX,Fire
2185,5f7b2c0731a8c6681cfd59df,2011-04-06,TX,Fire
2186,5f7b2c0731a8c6681cfd59f3,2011-04-06,TX,Fire
2187,5f7b2c0731a8c6681cfd5a03,2011-04-06,TX,Fire
2188,5f7b2c0731a8c6681cfd5a08,2011-04-06,TX,Fire
2189,5f7b2c0731a8c6681cfd5a0e,2011-04-06,TX,Fire
2190,5f7b2c0731a8c6681cfd5a14,2011-04-06,TX,Fire
2191,5f7b2c0731a8c6681cfd5a20,2011-04-06,TX,Fire
2192,5f7b2c0731a8c6681cfd5a23,2011-04-06,TX,Fire
2193,5f7b2c0731a8c6681cfd5a29,2011-04-06,TX,Fire
2194,5f7b2c0731a8c6681cfd5a2e,2011-04-06,TX,Fire
2195,5f7b2c0731a8c6681cfd5a34,2011-04-06,TX,Fire
2196,5f7b2c0731a8c6681cfd5a3f,2011-04-06,TX,Fire
2197,5f7b2c0731a8c6681cfd5a45,2011-04-06,TX,Fire
2198,5f7b2c0731a8c6681cfd5a46,2011-04-06,TX,Fire
2199,5f7b2c0731a8c6681cfd5a4b,2011-04-06,TX,Fire
2200,5f7b2c0731a8c6681cfd5a51,2011-04-06,TX,Fire
2201,5f7b2c0731a8c6681cfd5a60,2011-04-06,TX,Fire
2202,5f7b2c0731a8c6681cfd5a6d,2011-04-06,TX,Fire
2203,5f7b2c0731a8c6681cfd5a70,2011-04-06,TX,Fire
2204,5f7b2c0731a8c6681cfd5a74,2011-04-06,TX,Fire
2205,5f7b2c0731a8c6681cfd5a7a,2011-04-06,TX,Fire
2206,5f7b2c0731a8c6681cfd5a80,2011-04-06,TX,Fire
2207,5f7b2c0731a8c6681cfd5a88,2011-04-06,TX,Fire
2208,5f7b2c0731a8c6681cfd5a8c,2011-04-06,TX,Fire
2209,5f7b2c0731a8c6681cfd5a98,2011-04-06,TX,Fire
2210,5f7b2c0731a8c6681cfd5a9d,2011-04-06,TX,Fire
2211,5f7b2c0731a8c6681cfd5aa1,2011-04-06,TX,Fire
2212,5f7b2c0731a8c6681cfd5aae,2011-04-06,TX,Fire
2213,5f7b2c0731a8c6681cfd5ab2,2011-04-06,TX,Fire
2214,5f7b2c0731a8c6681cfd5ab6,2011-04-06,TX,Fire
2215,5f7b2c0731a8c6681cfd5abc,2011-04-06,TX,Fire
2216,5f7b2c0731a8c6681cfd5abe,2011-04-06,TX,Fire
2217,5f7b2c0731a8c6681cfd5ac4,2011-04-06,TX,Fire
2218,5f7b2c0731a8c6681cfd5ac6,2011-04-06,TX,Fire
2219,5f7b2c0731a8c6681cfd5ac9,2011-04-06,TX,Fire
2220,5f7b2c0731a8c6681cfd5ad5,2011-04-06,TX,Fire
2221,5f7b2c0731a8c6681cfd5add,2011-04-06,TX,Fire
2222,5f7b2c0731a8c6681cfd5ae2,2011-04-06,TX,Fire
2223,5f7b2c0731a8c6681cfd5ae9,2011-04-06,TX,Fire
2224,5f7b2c0731a8c6681cfd5af2,2011-04-06,TX,Fire
2225,5f7b2c0731a8c6681cfd5af5,2011-04-06,TX,Fire
2226,5f7b2c0731a8c6681cfd5af7,2011-04-06,TX,Fire
2227,5f7b2c0731a8c6681cfd5b06,2011-04-06,TX,Fire
2228,5f7b2c0731a8c6681cfd5b1b,2011-04-06,TX,Fire
2229,5f7b2c0731a8c6681cfd5b23,2011-04-06,TX,Fire
2230,5f7b2c0731a8c6681cfd5b27,2011-04-06,TX,Fire
2231,5f7b2c0731a8c6681cfd5b2b,2011-04-06,TX,Fire
2232,5f7b2c0731a8c6681cfd5b2f,2011-04-06,TX,Fire
2233,5f7b2c0731a8c6681cfd5b3a,2011-04-06,TX,Fire
2234,5f7b2c0731a8c6681cfd5b44,2011-04-06,TX,Fire
2235,5f7b2c0731a8c6681cfd5b56,2011-04-06,TX,Fire
2236,5f7b2c0731a8c6681cfd5b58,2011-04-06,TX,Fire
2237,5f7b2c0731a8c6681cfd5b5b,2011-04-06,TX,Fire
2238,5f7b2c0731a8c6681cfd5b62,2011-04-06,TX,Fire
2239,5f7b2c0731a8c6681cfd5b69,2011-04-06,TX,Fire
2240,5f7b2c0731a8c6681cfd5b6e,2011-04-06,TX,Fire
2241,5f7b2c0731a8c6681cfd5b7f,2011-04-06,TX,Fire
2242,5f7b2c0731a8c6681cfd5b86,2011-04-06,TX,Fire
2243,5f7b2c0731a8c6681cfd5b8b,2011-04-06,TX,Fire
2244,5f7b2c0731a8c6681cfd5b8c,2011-04-06,TX,Fire
2245,5f7b2c0731a8c6681cfd5b8e,2011-04-06,TX,Fire
2246,5f7b2c0731a8c6681cfd5b94,2011-04-06,TX,Fire
2247,5f7b2c0731a8c6681cfd5b98,2011-04-06,TX,Fire
2248,5f7b2c0731a8c6681cfd5b9e,2011-04-06,TX,Fire
2249,5f7b2c0731a8c6681cfd5b9f,2011-04-06,TX,Fire
2250,5f7b2c0731a8c6681cfd5bbe,2011-04-06,TX,Fire
2251,5f7b2c0731a8c6681cfd5bc2,2011-04-06,TX,Fire
2252,5f7b2c0731a8c6681cfd5bc7,2011-04-06,TX,Fire
2253,5f7b2c0731a8c6681cfd5bcc,2011-04-06,TX,Fire
2254,5f7b2c0731a8c6681cfd5bce,2011-04-06,TX,Fire
2255,5f7b2c0731a8c6681cfd5bd2,2011-04-06,TX,Fire
2256,5f7b2c0731a8c6681cfd5bd5,2011-04-06,TX,Fire
2257,5f7b2c0731a8c6681cfd5bd7,2011-04-06,TX,Fire
2258,5f7b2c0731a8c6681cfd5bdb,2011-04-06,TX,Fire
2259,5f7b2c0731a8c6681cfd5bde,2011-04-06,TX,Fire
2260,5f7b2c0731a8c6681cfd5bf3,2011-04-06,TX,Fire
2261,5f7b2c0731a8c6681cfd5bf5,2011-04-06,TX,Fire
2262,5f7b2c0731a8c6681cfd5bf7,2011-04-06,TX,Fire
2263,5f7b2c0731a8c6681cfd5bf9,2011-04-06,TX,Fire
2264,5f7b2c0731a8c6681cfd5bfb,2011-04-06,TX,Fire
2265,5f7b2c0731a8c6681cfd5c03,2011-04-06,TX,Fire
2266,5f7b2c0731a8c6681cfd5c0c,2011-04-06,TX,Fire
2267,5f7b2c0731a8c6681cfd5c13,2011-04-06,TX,Fire
2268,5f7b2c0731a8c6681cfd5c16,2011-04-06,TX,Fire
2269,5f7b2c0731a8c6681cfd5c17,2011-04-06,TX,Fire
2270,5f7b2c0731a8c6681cfd5c2a,2011-04-06,TX,Fire
2271,5f7b2c0731a8c6681cfd5c36,2011-04-06,TX,Fire
2272,5f7b2c0731a8c6681cfd5c3f,2011-04-06,TX,Fire
2273,5f7b2c0731a8c6681cfd5c51,2011-04-06,TX,Fire
2274,5f7b2c0731a8c6681cfd5c55,2011-04-06,TX,Fire
2275,5f7b2c0731a8c6681cfd5c66,2011-04-06,TX,Fire
2276,5f7b2c0831a8c6681cfd7778,2011-04-06,TX,Fire
2277,5f7b2c0831a8c6681cfd777a,2011-04-06,TX,Fire
2278,5f7b2c0831a8c6681cfd7781,2011-04-06,OK,Fire
2279,5f7b2c0831a8c6681cfd77bd,2011-04-06,TX,Fire
2280,5f7b2c0831a8c6681cfd777f,2011-04-09,TX,Fire
2281,5f7b2c0831a8c6681cfd7785,2011-04-09,TX,Fire
2282,5f7b2c0831a8c6681cfd7787,2011-04-09,OK,Fire
2283,5f7b2c0831a8c6681cfd77c4,2011-04-09,TX,Fire
2284,5f7b2c0831a8c6681cfd77f5,2011-04-09,TX,Fire
2285,5f7b2c0831a8c6681cfd7805,2011-04-09,TX,Fire
2286,5f7b2c0831a8c6681cfd7806,2011-04-09,TX,Fire
2287,5f7b2c0831a8c6681cfd77a0,2011-04-11,TX,Fire
2288,5f7b2c0831a8c6681cfd77f9,2011-04-11,TX,Fire
2289,5f7b2c0831a8c6681cfd7801,2011-04-11,TX,Fire
2290,5f7b2c0831a8c6681cfd7814,2011-04-11,TX,Fire
2291,5f7b2c0831a8c6681cfd781b,2011-04-11,TX,Fire
2292,5f7b2c0831a8c6681cfd7795,2011-04-13,TX,Fire
2293,5f7b2c0831a8c6681cfd7798,2011-04-13,TX,Fire
2294,5f7b2c0831a8c6681cfd77ba,2011-04-13,TX,Fire
2295,5f7b2c0831a8c6681cfd7850,2011-04-14,TX,Fire
2296,5f7b2c0831a8c6681cfd77de,2011-04-15,OK,Fire
2297,5f7b2c0831a8c6681cfd77fb,2011-04-15,TX,Fire
2298,5f7b2c0831a8c6681cfd7846,2011-04-15,TX,Fire
2299,5f7b2c0831a8c6681cfd780e,2011-04-15,TX,Fire
2300,5f7b2c0831a8c6681cfd7819,2011-04-16,TX,Fire
2301,5f7b2c0831a8c6681cfd783c,2011-04-16,TX,Fire
2302,5f7b2c0831a8c6681cfd784b,2011-04-16,TX,Fire
2303,5f7b2c0831a8c6681cfd784c,2011-04-17,TX,Fire
2304,5f7b2c0831a8c6681cfd785c,2011-04-17,NM,Fire
2305,5f7b2c0831a8c6681cfd785e,2011-04-17,NM,Fire
2306,5f7b2c0831a8c6681cfd78ab,2011-04-22,NE,Fire
2307,5f7b2c0831a8c6681cfd7830,2011-04-26,TX,Fire
2308,5f7b2c0831a8c6681cfd7838,2011-04-26,FL,Fire
2309,5f7b2c0831a8c6681cfd7880,2011-04-26,TX,Fire
2310,5f7b2c0831a8c6681cfd7843,2011-04-29,TX,Fire
2311,5f7b2c0831a8c6681cfd7857,2011-04-29,TX,Fire
2312,5f7b2c0831a8c6681cfd78a3,2011-04-29,TX,Fire
2313,5f7b2c0831a8c6681cfd7861,2011-05-08,TX,Fire
2314,5f7b2c0831a8c6681cfd7895,2011-05-08,AZ,Fire
2315,5f7b2c0831a8c6681cfd7889,2011-05-09,TX,Fire
2316,5f7b2c0831a8c6681cfd786b,2011-05-24,TX,Fire
2317,5f7b2c0831a8c6681cfd7867,2011-05-29,TX,Fire
2318,5f7b2c0831a8c6681cfd7871,2011-05-29,TX,Fire
2319,5f7b2c0831a8c6681cfd787d,2011-05-29,TX,Fire
2320,5f7b2c0831a8c6681cfd7876,2011-06-01,AZ,Fire
2321,5f7b2c0831a8c6681cfd789a,2011-06-01,AZ,Fire
2322,5f7b2c0831a8c6681cfd788f,2011-06-02,TX,Fire
2323,5f7b2c0831a8c6681cfd7890,2011-06-03,TX,Fire
2324,5f7b2c0831a8c6681cfd7896,2011-06-10,NM,Fire
2325,5f7b2c0831a8c6681cfd78b9,2011-06-12,AZ,Fire
2326,5f7b2c0831a8c6681cfd78de,2011-06-12,NM,Fire
2327,5f7b2c0831a8c6681cfd78cb,2011-06-15,CO,Fire
2328,5f7b2c0831a8c6681cfd78e1,2011-06-15,CO,Fire
2329,5f7b2c0831a8c6681cfd78b7,2011-06-15,GA,Fire
2330,5f7b2c0831a8c6681cfd78bb,2011-06-15,GA,Fire
2331,5f7b2c0831a8c6681cfd78ff,2011-06-15,GA,Fire
2332,5f7b2c0831a8c6681cfd78d6,2011-06-16,TX,Fire
2333,5f7b2c0831a8c6681cfd78f8,2011-06-16,TX,Fire
2334,5f7b2c0831a8c6681cfd78c9,2011-06-16,GA,Fire
2335,5f7b2c0831a8c6681cfd78ce,2011-06-17,TX,Fire
2336,5f7b2c0831a8c6681cfd78c1,2011-06-18,TX,Fire
2337,5f7b2c0831a8c6681cfd7901,2011-06-18,TX,Fire
2338,5f7b2c0831a8c6681cfd78fa,2011-06-19,TX,Fire
2339,5f7b2c0831a8c6681cfd7906,2011-06-19,TX,Fire
2340,5f7b2c0831a8c6681cfd791d,2011-06-19,TX,Fire
2341,5f7b2c0831a8c6681cfd791a,2011-06-20,TX,Fire
2342,5f7b2c0831a8c6681cfd7920,2011-06-20,TX,Fire
2343,5f7b2c0831a8c6681cfd7926,2011-06-24,OK,Fire
2344,5f7b2c0831a8c6681cfd7922,2011-06-26,NM,Fire
2345,5f7b2c0831a8c6681cfd7928,2011-06-26,NM,Fire
2346,5f7b2c0831a8c6681cfd792a,2011-06-26,NM,Fire
2347,5f7b2c0831a8c6681cfd792f,2011-06-26,NM,Fire
2348,5f7b2c0831a8c6681cfd7977,2011-06-26,NM,Fire
2349,5f7b2c0831a8c6681cfd7981,2011-06-26,NM,Fire
2350,5f7b2c0831a8c6681cfd793d,2011-06-28,NM,Fire
2351,5f7b2c0831a8c6681cfd7949,2011-06-28,NM,Fire
2352,5f7b2c0831a8c6681cfd7963,2011-07-04,NC,Fire
2353,5f7b2c0831a8c6681cfd797d,2011-07-04,NC,Fire
2354,5f7b2c0831a8c6681cfd796c,2011-07-11,TX,Fire
2355,5f7b2c0831a8c6681cfd794b,2011-07-15,OK,Fire
2356,5f7b2c0831a8c6681cfd795a,2011-07-15,OK,Fire
2357,5f7b2c0831a8c6681cfd7965,2011-07-26,OK,Fire
2358,5f7b2c0831a8c6681cfd7960,2011-08-01,OK,Fire
2359,5f7b2c0831a8c6681cfd7953,2011-08-02,OK,Fire
2360,5f7b2c0831a8c6681cfd7976,2011-08-02,OK,Fire
2361,5f7b2c0831a8c6681cfd798c,2011-08-02,OK,Fire
2362,5f7b2c0831a8c6681cfd799e,2011-08-04,OK,Fire
2363,5f7b2c0831a8c6681cfd797e,2011-08-05,OK,Fire
2364,5f7b2c0831a8c6681cfd7993,2011-08-07,OK,Fire
2365,5f7b2c0831a8c6681cfd7999,2011-08-07,OK,Fire
2366,5f7b2c0831a8c6681cfd79ad,2011-08-08,OK,Fire
2367,5f7b2c0831a8c6681cfd79a3,2011-08-15,TX,Fire
2368,5f7b2c0831a8c6681cfd798d,2011-08-29,MT,Fire
2369,5f7b2c0831a8c6681cfd799a,2011-08-30,TX,Fire
2370,5f7b2c2331a8c6681cff20ea,2011-08-30,TX,Fire
2371,5f7b2c2331a8c6681cff20f3,2011-08-30,TX,Fire
2372,5f7b2c2331a8c6681cff2100,2011-08-30,TX,Fire
2373,5f7b2c2331a8c6681cff210a,2011-08-30,TX,Fire
2374,5f7b2c2331a8c6681cff210c,2011-08-30,TX,Fire
2375,5f7b2c2331a8c6681cff212c,2011-08-30,TX,Fire
2376,5f7b2c2331a8c6681cff2131,2011-08-30,TX,Fire
2377,5f7b2c2331a8c6681cff2138,2011-08-30,TX,Fire
2378,5f7b2c2331a8c6681cff2139,2011-08-30,TX,Fire
2379,5f7b2c2331a8c6681cff2148,2011-08-30,TX,Fire
2380,5f7b2c2331a8c6681cff2150,2011-08-30,TX,Fire
2381,5f7b2c2331a8c6681cff2153,2011-08-30,TX,Fire
2382,5f7b2c2331a8c6681cff215c,2011-08-30,TX,Fire
2383,5f7b2c2331a8c6681cff215e,2011-08-30,TX,Fire
2384,5f7b2c2331a8c6681cff2166,2011-08-30,TX,Fire
2385,5f7b2c2331a8c6681cff2169,2011-08-30,TX,Fire
2386,5f7b2c2331a8c6681cff216b,2011-08-30,TX,Fire
2387,5f7b2c2331a8c6681cff2178,2011-08-30,TX,Fire
2388,5f7b2c2331a8c6681cff217b,2011-08-30,TX,Fire
2389,5f7b2c2331a8c6681cff217f,2011-08-30,TX,Fire
2390,5f7b2c2331a8c6681cff2187,2011-08-30,TX,Fire
2391,5f7b2c2331a8c6681cff2192,2011-08-30,TX,Fire
2392,5f7b2c2331a8c6681cff219b,2011-08-30,TX,Fire
2393,5f7b2c2331a8c6681cff219d,2011-08-30,TX,Fire
2394,5f7b2c2331a8c6681cff21a0,2011-08-30,TX,Fire
2395,5f7b2c2331a8c6681cff21a3,2011-08-30,TX,Fire
2396,5f7b2c2331a8c6681cff21aa,2011-08-30,TX,Fire
2397,5f7b2c2331a8c6681cff21b0,2011-08-30,TX,Fire
2398,5f7b2c2331a8c6681cff21bf,2011-08-30,TX,Fire
2399,5f7b2c2331a8c6681cff21cc,2011-08-30,TX,Fire
2400,5f7b2c2331a8c6681cff21ce,2011-08-30,TX,Fire
2401,5f7b2c2331a8c6681cff21d0,2011-08-30,TX,Fire
2402,5f7b2c2331a8c6681cff21d4,2011-08-30,TX,Fire
2403,5f7b2c2331a8c6681cff21d6,2011-08-30,TX,Fire
2404,5f7b2c2331a8c6681cff21da,2011-08-30,TX,Fire
2405,5f7b2c2331a8c6681cff21e1,2011-08-30,TX,Fire
2406,5f7b2c2331a8c6681cff21ed,2011-08-30,TX,Fire
2407,5f7b2c2331a8c6681cff21f1,2011-08-30,TX,Fire
2408,5f7b2c2331a8c6681cff21f9,2011-08-30,TX,Fire
2409,5f7b2c2331a8c6681cff2204,2011-08-30,TX,Fire
2410,5f7b2c2331a8c6681cff2208,2011-08-30,TX,Fire
2411,5f7b2c2331a8c6681cff2215,2011-08-30,TX,Fire
2412,5f7b2c2331a8c6681cff221a,2011-08-30,TX,Fire
2413,5f7b2c2331a8c6681cff221d,2011-08-30,TX,Fire
2414,5f7b2c2331a8c6681cff2222,2011-08-30,TX,Fire
2415,5f7b2c2331a8c6681cff2225,2011-08-30,TX,Fire
2416,5f7b2c2331a8c6681cff222c,2011-08-30,TX,Fire
2417,5f7b2c2331a8c6681cff2233,2011-08-30,TX,Fire
2418,5f7b2c2331a8c6681cff223a,2011-08-30,TX,Fire
2419,5f7b2c2331a8c6681cff2241,2011-08-30,TX,Fire
2420,5f7b2c2331a8c6681cff2243,2011-08-30,TX,Fire
2421,5f7b2c2331a8c6681cff224c,2011-08-30,TX,Fire
2422,5f7b2c2331a8c6681cff2256,2011-08-30,TX,Fire
2423,5f7b2c2331a8c6681cff225b,2011-08-30,TX,Fire
2424,5f7b2c2331a8c6681cff2261,2011-08-30,TX,Fire
2425,5f7b2c2331a8c6681cff2267,2011-08-30,TX,Fire
2426,5f7b2c2331a8c6681cff2269,2011-08-30,TX,Fire
2427,5f7b2c2331a8c6681cff226d,2011-08-30,TX,Fire
2428,5f7b2c2331a8c6681cff2273,2011-08-30,TX,Fire
2429,5f7b2c2331a8c6681cff2278,2011-08-30,TX,Fire
2430,5f7b2c2331a8c6681cff2288,2011-08-30,TX,Fire
2431,5f7b2c2331a8c6681cff228e,2011-08-30,TX,Fire
2432,5f7b2c2331a8c6681cff229a,2011-08-30,TX,Fire
2433,5f7b2c2331a8c6681cff229c,2011-08-30,TX,Fire
2434,5f7b2c2331a8c6681cff229e,2011-08-30,TX,Fire
2435,5f7b2c0831a8c6681cfd7989,2011-08-30,OK,Fire
2436,5f7b2c0831a8c6681cfd799d,2011-08-31,OK,Fire
2437,5f7b2c0831a8c6681cfd79a0,2011-08-31,OK,Fire
2438,5f7b2c0831a8c6681cfd79b8,2011-09-02,CA,Fire
2439,5f7b2c0831a8c6681cfd79c3,2011-09-03,OK,Fire
2440,5f7b2c0831a8c6681cfd79c9,2011-09-04,TX,Fire
2441,5f7b2c0831a8c6681cfd79cb,2011-09-04,TX,Fire
2442,5f7b2c0831a8c6681cfd79d2,2011-09-04,TX,Fire
2443,5f7b2c0831a8c6681cfd79d9,2011-09-04,TX,Fire
2444,5f7b2c0831a8c6681cfd79e8,2011-09-04,TX,Fire
2445,5f7b2c0831a8c6681cfd79f4,2011-09-04,TX,Fire
2446,5f7b2c0831a8c6681cfd79bb,2011-09-04,CA,Fire
2447,5f7b2c0831a8c6681cfd79bd,2011-09-05,TX,Fire
2448,5f7b2c0831a8c6681cfd79d1,2011-09-05,TX,Fire
2449,5f7b2c0831a8c6681cfd79ea,2011-09-05,TX,Fire
2450,5f7b2c0831a8c6681cfd7a01,2011-09-05,TX,Fire
2451,5f7b2c0831a8c6681cfd7a13,2011-09-05,TX,Fire
2452,5f7b2c0831a8c6681cfd7a0c,2011-09-08,TX,Fire
2453,5f7b2c0831a8c6681cfd79fb,2011-09-08,WA,Fire
2454,5f7b2c0831a8c6681cfd7a1d,2011-09-09,TX,Fire
2455,5f7b2c0831a8c6681cfd7a04,2011-09-10,NV,Fire
2456,5f7b2c0831a8c6681cfd7a2d,2011-09-10,CA,Fire
2457,5f7b2c0831a8c6681cfd7a29,2011-09-10,CA,Fire
2458,5f7b2c0831a8c6681cfd7a34,2011-10-03,NV,Fire
2459,5f7b2c0831a8c6681cfd7a3a,2011-11-18,NV,Fire
2460,5f7b2c0831a8c6681cfd7a4f,2012-01-19,NV,Fire
2461,5f7b2c0831a8c6681cfd7a51,2012-03-26,CO,Fire
2462,5f7b2c0831a8c6681cfd7a31,2012-04-24,TX,Fire
2463,5f7b2c0831a8c6681cfd7a55,2012-05-22,NV,Fire
2464,5f7b2c0831a8c6681cfd7a38,2012-05-23,NM,Fire
2465,5f7b2c0831a8c6681cfd7a61,2012-05-23,NM,Fire
2466,5f7b2c0831a8c6681cfd7a40,2012-06-04,NM,Fire
2467,5f7b2c0831a8c6681cfd7a44,2012-06-09,CO,Fire
2468,5f7b2c2431a8c6681cff28be,2012-06-09,CO,Fire
2469,5f7b2c2431a8c6681cff28c1,2012-06-09,CO,Fire
2470,5f7b2c2431a8c6681cff28c4,2012-06-09,CO,Fire
2471,5f7b2c0831a8c6681cfd7a8b,2012-06-18,NM,Fire
2472,5f7b2c0831a8c6681cfd7a84,2012-06-20,NM,Fire
2473,5f7b2c0831a8c6681cfd7a7c,2012-06-22,UT,Fire
2474,5f7b2c0831a8c6681cfd7a74,2012-06-23,CO,Fire
2475,5f7b2c0831a8c6681cfd7a69,2012-06-23,CO,Fire
2476,5f7b2c0831a8c6681cfd7a88,2012-06-24,UT,Fire
2477,5f7b2c2431a8c6681cff2cd7,2012-06-25,MT,Fire
2478,5f7b2c2431a8c6681cff2cd9,2012-06-25,MT,Fire
2479,5f7b2c2431a8c6681cff2cdd,2012-06-25,MT,Fire
2480,5f7b2c0831a8c6681cfd7a6c,2012-06-25,MT,Fire
2481,5f7b2c0931a8c6681cfd7ab9,2012-06-25,MT,Fire
2482,5f7b2c0931a8c6681cfd7abf,2012-06-25,MT,Fire
2483,5f7b2c0931a8c6681cfd7abb,2012-06-26,MT,Fire
2484,5f7b2c0831a8c6681cfd7a71,2012-06-27,UT,Fire
2485,5f7b2c0931a8c6681cfd7a99,2012-06-29,WY,Fire
2486,5f7b2c0931a8c6681cfd7ab4,2012-06-29,WY,Fire
2487,5f7b2c0931a8c6681cfd7ab7,2012-06-29,WY,Fire
2488,5f7b2c0931a8c6681cfd7a97,2012-06-29,UT,Fire
2489,5f7b2c0931a8c6681cfd7aa8,2012-07-01,WY,Fire
2490,5f7b2c0931a8c6681cfd7ac1,2012-07-01,WY,Fire
2491,5f7b2c0931a8c6681cfd7adb,2012-07-02,UT,Fire
2492,5f7b2c0931a8c6681cfd7aa3,2012-07-19,SD,Fire
2493,5f7b2c0931a8c6681cfd7af0,2012-07-30,OK,Fire
2494,5f7b2c2431a8c6681cff2e03,2012-08-03,OK,Fire
2495,5f7b2c2431a8c6681cff2e05,2012-08-03,OK,Fire
2496,5f7b2c3131a8c6681cfffa96,2012-08-03,OK,Fire
2497,5f7b2c0931a8c6681cfd7aa6,2012-08-03,OK,Fire
2498,5f7b2c0931a8c6681cfd7abd,2012-08-03,OK,Fire
2499,5f7b2c3131a8c6681cfffa74,2012-08-03,OK,Fire
2500,5f7b2c3131a8c6681cfffa6c,2012-08-04,OK,Fire
2501,5f7b2c3131a8c6681cfffa83,2012-08-04,OK,Fire
2502,5f7b2c3131a8c6681cfffa86,2012-08-04,OK,Fire
2503,5f7b2c3131a8c6681cfffa7c,2012-08-12,CA,Fire
2504,5f7b2c3131a8c6681cfffa8d,2012-08-13,WA,Fire
2505,5f7b2c3131a8c6681cfffab1,2012-08-15,ID,Fire
2506,5f7b2c3131a8c6681cfffa97,2012-08-18,CA,Fire
2507,5f7b2c3131a8c6681cfffa9e,2012-08-18,CA,Fire
2508,5f7b2c3131a8c6681cfffaa2,2012-08-28,MT,Fire
2509,5f7b2c3131a8c6681cfffaaa,2012-08-30,NE,Fire
2510,5f7b2c3131a8c6681cfffaad,2012-08-30,NE,Fire
2511,5f7b2c3131a8c6681cfffab4,2012-08-30,NE,Fire
2512,5f7b2c3131a8c6681cfffaba,2012-08-31,SD,Fire
2513,5f7b2c3131a8c6681cfffac5,2012-09-05,WA,Fire
2514,5f7b2c3131a8c6681cfffabe,2012-09-09,WA,Fire
2515,5f7b2c3131a8c6681cfffb01,2012-09-09,WY,Fire
2516,5f7b2c3131a8c6681cfffac8,2012-09-09,WA,Fire
2517,5f7b2c3131a8c6681cfffad0,2012-09-09,WA,Fire
2518,5f7b2c3131a8c6681cfffadb,2012-09-10,WA,Fire
2519,5f7b2c3131a8c6681cfffad4,2012-09-10,MT,Fire
2520,5f7b2c3131a8c6681cfffaf5,2012-09-12,WA,Fire
2521,5f7b2c3131a8c6681cfffae4,2012-09-12,WA,Fire
2522,5f7b2c3131a8c6681cfffae7,2012-09-18,ID,Fire
2523,5f7b2c3131a8c6681cfffaee,2012-09-19,WA,Fire
2524,5f7b2c3131a8c6681cfffb12,2012-09-19,WA,Fire
2525,5f7b2c3131a8c6681cfffb0d,2012-09-23,CA,Fire
2526,5f7b2c3131a8c6681cfffb1a,2012-09-23,CA,Fire
2527,5f7b2c3131a8c6681cfffb0a,2012-10-23,CO,Fire
2528,5f7b2c3131a8c6681cfffb20,2012-10-23,CO,Fire
2529,5f7b2c3131a8c6681cfffb15,2013-05-01,CA,Fire
2530,5f7b2c3131a8c6681cfffb30,2013-05-02,CA,Fire
2531,5f7b2c3131a8c6681cfffb2a,2013-05-30,NM,Fire
2532,5f7b2c3131a8c6681cfffb33,2013-05-31,CA,Fire
2533,5f7b2c3131a8c6681cfffb56,2013-06-11,CO,Fire
2534,5f7b2c2531a8c6681cff40b0,2013-06-11,CO,Fire
2535,5f7b2c2531a8c6681cff40b2,2013-06-11,CO,Fire
2536,5f7b2c3131a8c6681cfffb50,2013-06-11,CO,Fire
2537,5f7b2c3131a8c6681cfffb52,2013-06-18,AZ,Fire
2538,5f7b2c3131a8c6681cfffb27,2013-06-19,CO,Fire
2539,5f7b2c3131a8c6681cfffb3e,2013-06-21,CO,Fire
2540,5f7b2c3131a8c6681cfffb62,2013-06-21,CO,Fire
2541,5f7b2c3131a8c6681cfffb35,2013-06-30,AZ,Fire
2542,5f7b2c3131a8c6681cfffb39,2013-07-01,AZ,Fire
2543,5f7b2c3131a8c6681cfffb4d,2013-07-04,NV,Fire
2544,5f7b2c3131a8c6681cfffb45,2013-07-18,MT,Fire
2545,5f7b2c3131a8c6681cfffb67,2013-07-19,OR,Fire
2546,5f7b2c3131a8c6681cfffb61,2013-07-27,WA,Fire
2547,5f7b2c3131a8c6681cfffb6a,2013-07-27,WA,Fire
2548,5f7b2c3131a8c6681cfffb5b,2013-07-27,OR,Fire
2549,5f7b2c3131a8c6681cfffb5d,2013-07-27,OR,Fire
2550,5f7b2c3131a8c6681cfffb8a,2013-07-28,OR,Fire
2551,5f7b2c2531a8c6681cff41b6,2013-07-29,CA,Fire
2552,5f7b2c3131a8c6681cfffb82,2013-08-05,CA,Fire
2553,5f7b2c3131a8c6681cfffb7e,2013-08-07,CA,Fire
2554,5f7b2c3131a8c6681cfffb75,2013-08-10,WA,Fire
2555,5f7b2c3131a8c6681cfffb71,2013-08-12,ID,Fire
2556,5f7b2c3131a8c6681cfffb85,2013-08-13,UT,Fire
2557,5f7b2c3131a8c6681cfffb7a,2013-08-15,ID,Fire
2558,5f7b2c3131a8c6681cfffb89,2013-08-15,ID,Fire
2559,5f7b2c3131a8c6681cfffb91,2013-08-17,OR,Fire
2560,5f7b2c3131a8c6681cfffb96,2013-08-17,OR,Fire
2561,5f7b2c2531a8c6681cff4679,2013-08-17,CA,Fire
2562,5f7b2c3131a8c6681cfffbb8,2013-08-18,MT,Fire
2563,5f7b2c3131a8c6681cfffba0,2013-08-20,WA,Fire
2564,5f7b2c3131a8c6681cfffba4,2013-08-20,CA,Fire
2565,5f7b2c3131a8c6681cfffba8,2013-08-20,CA,Fire
2566,5f7b2c3131a8c6681cfffbbd,2013-09-09,CA,Fire
2567,5f7b2c3131a8c6681cfffbae,2014-01-16,CA,Fire
2568,5f7b2c3131a8c6681cfffbb7,2014-05-05,OK,Fire
2569,5f7b2c3131a8c6681cfffbcd,2014-05-11,TX,Fire
2570,5f7b2c3131a8c6681cfffbc5,2014-05-14,CA,Fire
2571,5f7b2c3131a8c6681cfffbd3,2014-05-14,CA,Fire
2572,5f7b2c3231a8c6681cfffc59,2014-05-20,AZ,Fire
2573,5f7b2c3131a8c6681cfffbf7,2014-06-07,OR,Fire
2574,5f7b2c3131a8c6681cfffbdd,2014-07-01,CA,Fire
2575,5f7b2c2631a8c6681cff4f46,2014-07-09,WA,Fire
2576,5f7b2c2631a8c6681cff4f4f,2014-07-09,WA,Fire
2577,5f7b2c2631a8c6681cff4f53,2014-07-09,WA,Fire
2578,5f7b2c1831a8c6681cfe8144,2014-07-09,WA,Fire
2579,5f7b2c1831a8c6681cfe814b,2014-07-09,WA,Fire
2580,5f7b2c1831a8c6681cfe8162,2014-07-09,WA,Fire
2581,5f7b2c3131a8c6681cfffbd5,2014-07-09,WA,Fire
2582,5f7b2c3131a8c6681cfffbe3,2014-07-10,WA,Fire
2583,5f7b2c3131a8c6681cfffbef,2014-07-13,OR,Fire
2584,5f7b2c3131a8c6681cfffbff,2014-07-15,WA,Fire
2585,5f7b2c3131a8c6681cfffbf1,2014-07-15,WA,Fire
2586,5f7b2c3231a8c6681cfffc2a,2014-07-19,WA,Fire
2587,5f7b2c3131a8c6681cfffc04,2014-07-19,WA,Fire
2588,5f7b2c3231a8c6681cfffc21,2014-07-19,WA,Fire
2589,5f7b2c3231a8c6681cfffc08,2014-07-21,UT,Fire
2590,5f7b2c3231a8c6681cfffc13,2014-07-31,OR,Fire
2591,5f7b2c3231a8c6681cfffc24,2014-07-31,OR,Fire
2592,5f7b2c3231a8c6681cfffc1b,2014-08-01,CA,Fire
2593,5f7b2c3231a8c6681cfffc2d,2014-08-01,CA,Fire
2594,5f7b2c3231a8c6681cfffc27,2014-08-01,CA,Fire
2595,5f7b2c3231a8c6681cfffc3a,2014-08-02,CA,Fire
2596,5f7b2c3231a8c6681cfffc3e,2014-08-02,CA,Fire
2597,5f7b2c3231a8c6681cfffc30,2014-08-02,WA,Fire
2598,5f7b2c3231a8c6681cfffc6b,2014-08-05,WA,Fire
2599,5f7b2c3231a8c6681cfffc37,2014-08-05,OR,Fire
2600,5f7b2c3231a8c6681cfffc60,2014-08-18,CA,Fire
2601,5f7b2c3231a8c6681cfffc6e,2014-08-18,CA,Fire
2602,5f7b2c3231a8c6681cfffc41,2014-08-24,CA,Fire
2603,5f7b2c3231a8c6681cfffc46,2014-09-05,CA,Fire
2604,5f7b2c3231a8c6681cfffc55,2014-09-13,CA,Fire
2605,5f7b2c3231a8c6681cfffc49,2014-09-14,CA,Fire
2606,5f7b2c3231a8c6681cfffc4b,2014-09-15,CA,Fire
2607,5f7b2c3231a8c6681cfffc4e,2014-09-15,OR,Fire
2608,5f7b2c3231a8c6681cfffca3,2014-10-08,CA,Fire
